<?xml version="1.0" encoding="UTF-8" standalone="no"?>
<!DOCTYPE dtbook PUBLIC  "-//NISO//DTD dtbook 2005-3//EN" "http://www.daisy.org/z3986/2005/dtbook-2005-3.dtd">
<dtbook version="2005-3" xml:lang="ko-KR" xmlns="http://www.daisy.org/z3986/2005/dtbook/">
	<head>         
		<meta name="dc:Creator" content="Tin tức"/>
		<meta name="dc:Date" content="2019-10-08"/>
		<meta name="dc:Identifier" content="09E4E58E-5695-418E-BDBF-005730B398D2"/>
		<meta name="dc:Language" content="ko-KR"/>
		<meta name="dc:Publisher" content="phóng viên"/>
		<meta name="dc:Title" content="Sách mẫu Việt Nam"/>
		<meta name="dt:version" content="1.0"/>
		<meta name="dtb:uid" content="09E4E58E-5695-418E-BDBF-005730B398D2"/>
	</head>
	<book>         
		<frontmatter>
			<doctitle id="dtb1" smilref="DaisyVNM0001.smil#par1">Sách mẫu Việt Nam</doctitle>
			<docauthor id="dtb2" smilref="DaisyVNM0001.smil#par2">Tin tức</docauthor>
		</frontmatter>
		<bodymatter>
			<level1>
				<h1 id="dtb3" smilref="DaisyVNM0001.smil#par3">Du khách nước ngoài nói gì khi biết tin cà phê đường tàu bị 'xóa sổ'?</h1>
				<p id="dtb4" smilref="DaisyVNM0001.smil#par4">(Ngày Nay) - Theo những du khách nước ngoài, phố đường tàu là một trong những địa điểm "bắt buộc" phải đến khi ghé thăm Hà Nội bởi khung cảnh hết sức lãng mạn và độc đáo so với các địa điểm du lịch khác trên thế giới.</p>
				<p id="dtb5" smilref="DaisyVNM0001.smil#par5"/>
				<level2>
					<h2 id="dtb6" smilref="DaisyVNM0001.smil#par6">Tâm trạng bất ngờ và tiếc nuối</h2>
					<p id="dtb7" smilref="DaisyVNM0001.smil#par7">Trong khoảng 2 năm trở lại đây, phố đường tàu chạy dọc theo các đường Lê Duẩn, Điện Biên Phủ, Phùng Hưng trên địa bàn thành phố Hà Nội đã trở thành điểm du lịch tự phát, thu hút rất đông khách du lịch trong nước và quốc tế tới tham quan và chụp ảnh.</p>
					<p id="dtb8" smilref="DaisyVNM0001.smil#par8">Do đó, các hộ dân quanh khu vực ven đường ray đã mở các quầy hàng bán đồ giải khát để đáp ứng nhu cầu của du khách, điều này vô hình chung đã gây ra tình trạng vi phạm hành lang an toàn giao thông, gây cản trở hoạt động của ngành đường sắt. Tuy nhiên, theo một số chia sẻ của khách du lịch, việc có một tuyến đường ray ngay trong lõi đô thị khiến Hà Nội trở nên độc đáo hơn so với các thành phố du lịch khác trên thế giới.</p>
					<p id="dtb9" smilref="DaisyVNM0001.smil#par9"/>
				</level2>
				<level2>
					<h2 id="dtb10" smilref="DaisyVNM0001.smil#par10">''Thay vì cấm đoán hãy ngồi xuống cùng bàn giải pháp''</h2>
					<p id="dtb11" smilref="DaisyVNM0001.smil#par11">Không đông người như phố đường tàu ở Phùng Hưng, nhưng các quán cà phê trên đường Lê Duẩn cũng là điểm đến hấp dẫn cho những du khách muốn tìm sự tĩnh lặng khi tới Hà Nội.</p>
					<p id="dtb12" smilref="DaisyVNM0001.smil#par12">Bà Lan Anh – chủ một hộ kinh doanh cà phê ven đường sắt trên đường Lê Duẩn cho biết: “Chuyện các hộ kinh doanh ven đường tàu bày đồ ra hành lang an toàn giao thông là có thật, nhưng chỉ như ‘con sâu làm rầu nồi canh’. Tôi muốn mọi người nhìn theo cách tích cực, kể từ khi các hộ quanh đây bán hàng ý thức chấp hành được tăng cao do họ phải nhắc nhở khách về giờ tàu chạy qua, cho nên chưa hề có một vụ tai nạn nào xảy ra đối với du khách tại đây".</p>
					<p id="dtb13" smilref="DaisyVNM0001.smil#par13">"Theo tôi thay vì cấm đoán thì mọi người nên ngồi xuống bàn lại giải pháp với người dân để làm phát triển du lịch tại Hà Nội, chính quyền có thể ban hành các quy tắc xử phạt những hộ vi phạm hành lang đường sắt. Nhiều người nước ngoài nói rằng họ tới đây vì cảnh quan khác lạ của đường tàu, họ tạo ra công ăn việc làm cho nhiều người dân quanh đây, cũng nhờ mở quán nên khu vực này bớt hẳn cảnh nghiện ngập tụ tập quanh khu vực đường ray”, bà Lan Anh nói.</p>
					<p id="dtb14" smilref="DaisyVNM0001.smil#par14">Theo chia sẻ của chị Hồng Tú - chủ một quán cà phê dọc đường ray trên phố Phùng Hưng, kể từ khi rục rịch có thông tin chính quyền thành phố Hà Nội sẽ dẹp bỏ các quán cà phê tại đây, số lượng khách đổ về tăng đột biến.</p>
					<p id="dtb15" smilref="DaisyVNM0001.smil#par15">“Nhiều khách cho biết họ rất tiếc nuối và muốn lên đây lần cuối trước khi bị dẹp bỏ. Trước kia khi chưa có hàng quán như bây giờ, mọi người dân ở đây cũng đều phải đi làm để tìm kế sinh nhai. Thế nhưng do lượng khách đổ lên đây rất đông nên nhiều hộ dân nghĩ tới chuyện mở quán kinh doanh, chứ không có chuyện chúng tôi mở quán để hút khách lên đây. Nếu không có những quán cà phê ven đường ray này, rất có khả năng xảy ra nhiều vụ tai nạn bởi xung quanh không hề có biển giờ tàu chạy qua. Trước giờ tàu chúng tôi đều nhắc nhở du khách đi đứng cẩn thận để tàu đi qua".</p>
					<p id="dtb16" smilref="DaisyVNM0001.smil#par16">Chị Tú cho biết các hộ kinh doanh giải khát tại đây đều trang bị còi để mỗi khi tàu chuẩn bị chạy qua có thể nhanh chóng nhắc nhở du khách không cản trở hành lang an toàn đường sắt.</p>
					<p id="dtb17" smilref="DaisyVNM0001.smil#par17"/>
					<p id="dtb18" smilref="DaisyVNM0001.smil#par18">"Hiện nay nếu chính quyền có biện pháp dung hòa lợi ích của người dân và du khách thì nơi này có thể trở thành địa điểm du lịch độc đáo, các hộ kinh doanh tại đây đều cam kết chỉ bán hàng trong nhà, không bày bàn ghế ra ngoài hành lang an toàn giao thông để không xảy ra nguy hiểm”.</p>
					<p id="dtb19" smilref="DaisyVNM0001.smil#par19"/>
				</level2>
			</level1>
			<level1>
				<h1 id="dtb20" smilref="DaisyVNM0001.smil#par20">Những tiệm trà chiều cực chất ở TP HCM</h1>
				<p id="dtb21" smilref="DaisyVNM0001.smil#par21"/>
				<p id="dtb22" smilref="DaisyVNM0001.smil#par22">(NLĐO) - Văn hóa trà chiều mấy năm gần đây lại được giới trẻ rất ưa thích vì độ tao nhã, tinh tế và thi vị của nó. Khởi nguồn từ nước Anh xa xôi, trà chiều mang dáng vẻ quý tộc, thanh tao như những người Ăng Lê xưa cũ.</p>
				<p id="dtb23" smilref="DaisyVNM0001.smil#par23">Một bữa trà chiều đúng kiểu thì sẽ gồm có 1 set trà ngon kèm theo tháp bánh ngọt, mứt, mật ong hoặc đường, rây lọc trà, đồng hồ tính thời gian trà nở. Dĩ nhiên khi du nhập vào Việt Nam thì khó lòng giữ được sự nguyên bản, thế nên các tiệm trà chiều đã ra đời với phiên bản bình dân để phục vụ nhu cầu thưởng trà của các bạn trẻ.</p>
				<p id="dtb24" smilref="DaisyVNM0001.smil#par24">Thường thì 1 set trà dành cho 2 hoặc 4 người dùng thường không quá đắt đỏ, đủ để các bạn trẻ thưởng thức được hết nét đẹp văn hóa trà chiều của nước bạn đầy tinh tế và thi vị.</p>
				<p id="dtb25" smilref="DaisyVNM0001.smil#par25">Nếu bạn là một người yêu trà, thích không gian nhẹ nhàng, yên tĩnh để tận hưởng những giây phút của riêng mình thì hãy tham khảo danh sách những tiệm trà chiều ở TP HCM dưới đây:</p>
				<p id="dtb26" smilref="DaisyVNM0001.smil#par26"/>
				<level2>
					<h2 id="dtb27" smilref="DaisyVNM0001.smil#par27">PAUL VIETNAM</h2>
					<p id="dtb28" smilref="DaisyVNM0001.smil#par28"/>
					<p id="dtb29" smilref="DaisyVNM0001.smil#par29">Đây là 1 thương hiệu nổi tiếng với phong cách trà chiều – bánh ngọt kiểu Anh phổ biến khắp các thành phố lớn nhỏ trên thế giới.</p>
					<p id="dtb30" smilref="DaisyVNM0001.smil#par30"/>
					<p id="dtb31" smilref="DaisyVNM0001.smil#par31">Các vị khách khi đến đây đều hài lòng và thích thú với các loại trà và bánh ngọt dùng kèm rất đa dạng và phong phú. Bánh ngọt ở đây được làm hầu hết từ trái cây tươi chua chua, ngọt ngọt dùng chung với trà quả là 1 kết hợp tuyệt hảo.</p>
					<p id="dtb32" smilref="DaisyVNM0001.smil#par32"/>
					<p id="dtb33" smilref="DaisyVNM0001.smil#par33">Tọa lạc ở tầng 2 khu trung tâm thương mại Takashimaya (quận 1) với không gian sáng sủa ngập nắng, thiết kế trắng đen rất tinh tế và hài hòa cùng với cách phục vụ chu đáo, ân cần rất được lòng thực khách.</p>
					<p id="dtb34" smilref="DaisyVNM0001.smil#par34"/>
					<p id="dtb35" smilref="DaisyVNM0001.smil#par35">Ngoài bánh ngọt thì nơi đây cũng có phục vụ món ăn mặn và các loại đồ uống khác nhau nữa. Giá cả dao động từ 50.000 đồng – 300.000 đồng</p>
					<p id="dtb36" smilref="DaisyVNM0001.smil#par36"/>
				</level2>
				<level2>
					<h2 id="dtb37" smilref="DaisyVNM0001.smil#par37">PARTEA</h2>
					<p id="dtb38" smilref="DaisyVNM0001.smil#par38"/>
					<p id="dtb39" smilref="DaisyVNM0001.smil#par39">Quán dành cho những cô nàng yêu thích sự nhẹ nhàng, nữ tính, thanh lịch. Đây là quán đầu tiên đem phong cách trà chiều bình dân đến với giới trẻ Việt Nam. Không gian quán tọa lạc ở trên khu chung cư Nguyễn Huệ (quận 1) cũ kỹ nhưng đầy màu sắc.</p>
					<p id="dtb40" smilref="DaisyVNM0001.smil#par40"/>
					<p id="dtb41" smilref="DaisyVNM0001.smil#par41">Bước vào, quán mở ra một khung cảnh nên thơ, một nét gì đó mang hơi hướng quý tộc khiến cho thực khách như bước vào câu chuyện cổ tích vậy.</p>
					<p id="dtb42" smilref="DaisyVNM0001.smil#par42"/>
					<p id="dtb43" smilref="DaisyVNM0001.smil#par43">Ở đây bạn có thể tự chọn cho mình ấm, tách theo sở thích. Đến kệ trà, bạn sẽ được nhân viên tư vấn tận tình về các loại trà nếu bạn chưa thực sự biết mình nên dùng loại nào.</p>
					<p id="dtb44" smilref="DaisyVNM0001.smil#par44"/>
					<p id="dtb45" smilref="DaisyVNM0001.smil#par45">Nếu bạn muốn nhâm nhi trà với bánh ngọt thì tiệm cũng có 1 quầy bánh riêng được làm mới mỗi ngày. Giá cả nơi đây cũng rất hạt dẻ, chỉ từ 70.000 đồng – 200.000 đồng là bạn có thể cùng bạn bè thưởng trà trong một chiều thư thả.</p>
					<p id="dtb46" smilref="DaisyVNM0001.smil#par46"/>
				</level2>
				<level2>
					<h2 id="dtb47" smilref="DaisyVNM0001.smil#par47">VILLA ROYALE DOWNTOWN ANTIQUES &amp; TEAROOM</h2>
					<p id="dtb48" smilref="DaisyVNM0001.smil#par48"/>
					<p id="dtb49" smilref="DaisyVNM0001.smil#par49">Ắt hẳn rất ít người biết về quán này. Tọa lạc tại tầng 1, số 25 Hồ Tùng Mậu (quận 1), Villa Royale downtown được cô chủ người Úc dựng lên với phong cách Indochine mang màu sắc khá khác biệt với các quán trà chiều hiện có.</p>
					<p id="dtb50" smilref="DaisyVNM0001.smil#par50"/>
					<p id="dtb51" smilref="DaisyVNM0001.smil#par51">Nơi đây trưng bày các vật dụng cũng như trang trí với phong cách Đông Dương huyền ảo, hơi hướng hoài cổ. Đa số khách đến nơi này đều là khách ngoại quốc và Việt kiều nên bạn nào muốn cải thiện kỹ năng nghe nói tiếng Anh thì có thể ghé đây để trau dồi thêm với các vị khách quốc tế hoặc với chính chủ nhân của tiệm trà.</p>
					<p id="dtb52" smilref="DaisyVNM0001.smil#par52"/>
					<p id="dtb53" smilref="DaisyVNM0001.smil#par53">Đa số các loại bánh được cô chủ tự tay làm và lẽ hiển nhiên đều là các loại bánh Tây với độ ngon không thể chối từ. Giá cả ở đây khá phải chăng, từ 90.000 đồng – 250.000 đồng.</p>
					<p id="dtb54" smilref="DaisyVNM0001.smil#par54"/>
				</level2>
				<level2>
					<h2 id="dtb55" smilref="DaisyVNM0001.smil#par55">TOKYO MOON</h2>
					<p id="dtb56" smilref="DaisyVNM0001.smil#par56"/>
					<p id="dtb57" smilref="DaisyVNM0001.smil#par57">Nếu bạn đang lạc trong khu phố Nhật ở hẻm 15 Lê Thánh Tôn, quận 1 mà muốn tìm cảm giác nhẹ nhàng, yên tĩnh thì Tokyo Moon là nơi phù hợp.</p>
					<p id="dtb58" smilref="DaisyVNM0001.smil#par58">Không gian quán không quá rộng lớn, nếu đi ngay giờ cao điểm sẽ không có chỗ ngồi. Đi 1 mình thì bạn có thể ngồi ngay quầy bar để xem cô chú thực hiện việc chế biến. Có khi bạn sẽ được trò chuyện với cô chú với vốn tiếng Việt khá hạn chế nhưng nụ cười và sự quan tâm dành cho khách rất chi là chu đáo.</p>
					<p id="dtb59" smilref="DaisyVNM0001.smil#par59"/>
					<p id="dtb60" smilref="DaisyVNM0001.smil#par60"> Thực đơn đồ uống ở Tokyo Moon sẽ làm bạn bất ngờ vì không nơi nào có cả, đa số các nguyên liệu đều được cô chú mang từ Hàn về và đều có công dụng tốt cho sức khỏe. Các hộp đựng bánh sẽ được cô chủ viết lên trên đó những dòng chữ Hàn nhắn nhủ rất dễ thương.</p>
					<p id="dtb61" smilref="DaisyVNM0001.smil#par61"/>
				</level2>
				<level2>
					<h2 id="dtb62" smilref="DaisyVNM0001.smil#par62">MÃN TỰ ZEN TEA</h2>
					<p id="dtb63" smilref="DaisyVNM0001.smil#par63"/>
					<p id="dtb64" smilref="DaisyVNM0001.smil#par64">Khác với các quán trà chiều thì nơi đây thiên về trà đạo hơn. Nằm ẩn mình trong khu chung cư khá cũ kỹ với lối đi nhỏ hẹp (14 Tôn Thất Đạm, quận 1), Mãn Tự Zen tea mở ra với phong cách tự phục vụ và trả tiền tùy tâm.</p>
					<p id="dtb65" smilref="DaisyVNM0001.smil#par65"/>
					<p id="dtb66" smilref="DaisyVNM0001.smil#par66">Khi đến với quán các bạn sẽ phải rửa tay sạch sẽ, tự chọn ấm tách và muốn dùng loại trà nào hoặc kết hợp nguyên liệu lại với nhau để cho ra bình trà mà mình muốn dùng.</p>
					<p id="dtb67" smilref="DaisyVNM0001.smil#par67"/>
					<p id="dtb68" smilref="DaisyVNM0001.smil#par68">Không xô bồ như các quán còn lại trong khu phố, Tokyo Moon được 2 vợ chồng chủ quán người Hàn mở ra với phong cách hiện đại, trẻ trung nhưng vẫn mang màu sắc của xứ sở Kim Chi. Hầu hết các loại nước uống và bánh ở đây cũng do chính cô chủ quán làm mỗi ngày.</p>
					<p id="dtb69" smilref="DaisyVNM0001.smil#par69"/>
					<p id="dtb70" smilref="DaisyVNM0001.smil#par70">Nếu lần đầu đến với quán, các bạn có thể nhờ bạn phục vụ tư vấn qua về quán để hiểu rõ thêm. Vì quán khá nhỏ nên những lúc đông sẽ không có chỗ ngồi.</p>
					<p id="dtb71" smilref="DaisyVNM0001.smil#par71"/>
					<p id="dtb72" smilref="DaisyVNM0001.smil#par72">Mỗi tối thứ 5 vào lúc 19 giờ, các bạn sẽ được học thiền và tối thứ 4, 6 các bạn sẽ được học thư pháp. Tất cả các hoạt động này đều không mất phí.</p>
					<p id="dtb73" smilref="DaisyVNM0001.smil#par73"/>
					<p id="dtb74" smilref="DaisyVNM0001.smil#par74">Khi dùng xong các bạn có thể bỏ tiền vào thùng tùy tâm và mang ấm tách vào khu vực bếp rửa sạch sẽ cho quán là được.</p>
				</level2>
			</level1>
		</bodymatter>
	</book>
</dtbook>